tweetId	text_label	image_label	multimodal_label
651679507510886400	N	I	N
1193912215017050120	O	N	O
1188414452196151296	O	N	O
650824006040424448	O	I	I
1311394668740050945	R	N	R
1198544759029190656	O	O	O
1307307184154382336	O	I	I
1307859961045807104	R	N	R
1051828724612694016	O	R	R
1187076626284269569	O	O	O
1052508973541277697	O	I	I
453472261102899200	O	N	O
1311364008264466432_3	N	N	N
1311364008264466432_2	N	N	N
1311364008264466432_1	N	N	N
1311364008264466432_4	N	N	N
1193966416732598273	O	N	N
1311956820794257408	O	O	O
453487843026169856	N	N	N
1187242436336197632	O	O	O
1187313816717144065	O	N	O
725636418756812801	O	O	O
1052146033516515328	O	I	N
1188471993148030976_1	A	O	A
1188471993148030976_2	A	N	A
1188339765122392064	N	N	N
1193943697316077569	R	N	N
1312437678613229568	N	N	O
1201937077274894336	I	N	I
1205116414065102848	O	O	O
1307795394643070977_2	N	N	N
1307795394643070977_1	N	N	N
1206801245996036098	O	O	O
651551773883269120	N	I	I
649618697418604544	O	O	O
1201463161444085760	O	N	N
1199335810174046211_1	N	N	N
1199335810174046211_4	N	N	N
1199335810174046211_3	N	N	N
1199335810174046211_2	N	N	N
1207275955821187072_2	A	A	A
1207275955821187072_1	A	I	A
1207275955821187072_4	A	I	A
1207275955821187072_3	A	N	A
650724420043018241	O	R	I
1193891665758568453	A	N	A
1194191338192953344	N	A	N
1205842171745701899	O	I	I
1052692230832455680	I	I	I
1206236601346658304	O	O	O
1142007312959381505	O	O	O
1193986815084113921	O	I	I
1199040567818280961	R	N	R
1052248802411905030_1	N	N	N
1052248802411905030_3	N	N	N
1052248802411905030_2	N	N	N
1201814492646137857	I	I	N
1188036298138947584	N	N	N
1194191924200116224	N	I	A
1197862553042522113	O	O	O
725619995070332928	O	N	O
725652878875090945	O	O	O
1194081265957212160	R	N	R
1312718778808049664_2	O	N	O
1312718778808049664_1	O	I	I
1187984460844802048	A	I	A
1052029241922113541	O	I	O
1202255446427521024	O	N	N
1193963878788599808	O	N	O
649512527622221824	O	I	I
725641601096257537_1	O	N	N
725641601096257537_2	O	O	O
725641601096257537_3	O	N	N
1188061225386741761	N	I	O
1193821515734757376	O	O	O
1311581200352448513_1	N	N	N
1311581200352448513_4	N	N	N
1311581200352448513_3	N	N	N
1311581200352448513_2	N	N	N
1052583800591462400	O	N	O
1198854986299518983_3	N	A	A
1198854986299518983_1	N	R	R
1198854986299518983_2	N	N	R
1308125330683703296	N	N	N
1313376203110117377	N	I	I
1201384990086483968	N	N	N
1308313730166464512	N	N	N
1198209800154288128_2	N	N	N
1198209800154288128_1	N	O	N
1141990801418985472	O	O	O
1193928473007575042	O	N	O
1197499579161292801	O	I	I
1194362135842701312	O	R	O
1201641839314513920	I	R	A
649706148090773504	N	N	N
1194306926856855557	O	N	O
1199700261545107459	A	I	A
1206839660045045766	O	I	O
1188109071204995074_1	O	I	I
1188109071204995074_2	O	I	I
725662540949258241	O	O	O
1186409985644863488	O	O	O
1206467929845334016	A	O	A
1198715112254779392_3	I	A	I
1198715112254779392_1	I	N	I
1198715112254779392_2	I	I	I
1198715112254779392_4	I	I	I
1311766690573758472	O	O	O
1202115838087577601	A	O	A
1206660813257355264	N	N	N
1052801314478993408	O	N	O
1200678240601423872	I	R	A
1201761509631766528	N	N	N
1194268888575426562	A	I	A
1052556238142066689	I	N	N
1312763432584839170	O	N	N
453258618847379459	O	N	O
1193853031986663425	O	N	O
1186877617699467264	O	N	O
725595397004136448	O	N	O
1187037485802643456	O	O	O
1313301463658102784	A	R	A
1313354349754683393	A	A	A
651221524192456705	O	I	I
1197632805859139585	A	I	A
1206083363662106624	O	N	O
1308156746884624384	O	I	I
1142020712779173888	O	N	O
1206374155832250370	O	N	O
453264952141152256	O	O	O
1306838468614643714	N	N	N
1200814746431156224	N	N	N
1199350947547373568	O	N	O
1141982744349683712	O	O	O
1307730809118502912	A	N	N
453258905116606466	N	N	N
1308718455189889025	N	N	N
1307390972427407364	N	A	A
1198841517529538561	O	I	I
1052236893373353984	O	N	N
1198339969850511366	R	I	R
1312810061601935360	N	N	N
1313017598229921795	O	N	O
1051019709406203904	O	A	N
650487865328181249	A	I	I
651775756335489024	N	I	I
1207180986968088576	O	N	O
1312328550846996480	A	I	A
1052826867064074240	A	I	N
1194282032140038144	N	N	N
1194323304196251649	O	N	N
1313328557569998854	O	O	O
1194245963692462082	I	N	O
1312995406880616448	N	O	N
1308096673395007489	I	I	I
1197750257288957952	O	O	O
1052211979736244224	O	I	I
725584197054791680	O	O	O
1311537079097217025	O	O	O
1307774795333996544	N	N	O
1052851781590544384	N	N	N
1194164252409520129	O	N	I
725615571044319232_1	O	N	N
1187060459725307906	O	I	I
1205637105537433603_1	N	I	I
1205637105537433603_3	N	I	I
1205637105537433603_4	N	I	O
1205637105537433603_2	N	N	O
1194193616819933185	A	R	R
1052711314164989952	N	N	N
1193979683223814144_1	O	O	O
1193979683223814144_2	O	N	O
1198012665651761152_2	O	I	I
1198012665651761152_1	O	A	A
1198012665651761152_3	O	I	I
1186600525984423936	O	I	A
651296652645560321	N	N	N
1051864514604539905	N	N	N
1206728343263096832	N	N	N
1194054334214033408_2	O	I	O
1194054334214033408_4	O	O	O
1194054334214033408_1	O	I	O
1194054334214033408_3	O	N	O
1198977528976818176	I	I	I
1202031608976543746	N	N	N
1194263248310276098	O	R	O
725642202093895680	O	N	O
1200657792681619457	N	N	N
453458885047623681	N	N	N
1198900102871633922	O	O	O
1205201182517604352	N	N	N
1194009759126556673	R	R	R
1194133239386050561	O	I	I
1193956391536517126	I	N	I
1197514623915876352	O	O	O
1204868160161288192	R	R	R
1193851034638192640	O	N	O
1199197887458086912	O	N	O
1206871489691181056	O	N	O
1199009666837221377	R	N	N
453259417929408513	O	O	O
1194153246312542208	R	R	R
1186107536308658178	O	I	I
650537134076641280	A	O	A
1051732171910606848	A	I	A
1311650212893646849	O	O	O
1307763410738860033_1	O	I	I
1307763410738860033_2	O	I	I
1050989552184250368	A	A	A
1200854514896658433	O	N	O
1141977259731050497	O	N	O
1194019870209236992	A	I	A
1198016781375410176_1	O	N	O
1198016781375410176_3	O	N	N
1198016781375410176_2	O	O	O
453231941915930624	O	I	I
1052530951295823878	N	I	R
1193914283656196099	O	I	I
1141967974364000256	N	O	O
1312806598432174084	I	I	I
1186255007638839297	R	A	A
1313043712277176320	I	N	I
1186327870416867328	O	O	O
1194287756660183041	N	N	N
1052041752939515905	A	I	A
1051285980336902145	N	N	N
1197549267231088640	O	O	O
1052757758985027585	N	N	N
725591187445391360	O	N	O
1142023558220132352	O	O	O
453545069480402944	R	N	R
1200981747103612928	N	N	N
1311869786096373760	O	O	O
1187431228464607232	I	N	I
1194300051771793409	O	O	O
1194236091035004931	O	N	N
1051900334292029442_2	O	A	A
1051900334292029442_3	O	A	A
1051900334292029442_1	O	I	R
1052101981609873409	N	O	O
453399966875414528	O	N	O
1198519120003813377	A	I	A
1198947017843728384	N	N	N
1198651865954750465	I	I	I
1307692112708804609	A	I	A
649455553937297408	O	N	N
1198626561001435136	O	N	N
1311978908733059072	O	N	N
1194016839631687680	O	N	N
1186767183180730368	N	N	N
1193855943055990785	O	N	O
1311248203136798721	N	N	N
1186131081688424448	O	O	O
1052632613750493185	N	I	I
1051671277671469056	O	O	O
1197453753777086464	R	N	R
1052890956217888768	N	N	N
1194342450707550209	O	N	N
1308188994581286912_4	R	R	R
1308188994581286912_3	R	R	R
1308188994581286912_2	R	N	R
1308188994581286912_1	R	R	R
1187713902584438785_2	N	I	N
1187713902584438785_1	N	I	I
1187713902584438785_3	N	I	N
1187713902584438785_4	N	I	N
1194201726863204353	N	N	N
1187188889070395392	N	N	N
1194136931396988934	O	I	I
1193869334478753793	N	N	N
1205905517756989440	N	N	N
1186743264768151552_1	O	N	O
1186743264768151552_3	O	O	O
1186743264768151552_2	O	O	O
1312972578793885698	O	N	O
1194271348731924483	O	N	O
1193846819576528896	O	O	O
1201407095620489216	A	I	A
1051962944899010560	A	A	A
1187906952824623104	N	N	N
453265760056791040	O	O	O
1194265116214255616	O	N	O
1194005092443267072	O	O	O
1194154916656435200_3	N	N	O
1194154916656435200_4	N	N	O
1194154916656435200_2	N	O	N
1194154916656435200_1	N	O	I
650918650065625088	O	I	I
1205074068275372032	O	O	O
1204848640948350977	N	N	N
1198258040639819776_2	O	I	I
1198258040639819776_3	O	I	I
1198258040639819776_1	O	I	I
1188259403407020039	O	O	O
1204679807516233728	N	O	N
1201893058687782913	A	N	A
1193985843876290561	I	N	I
1193958036693553152	N	A	N
1052591797829029888_1	N	N	N
650635926201352192_2	O	A	A
650635926201352192_3	O	A	N
650635926201352192_1	O	A	A
650635926201352192_4	O	I	O
1197938078775750661	O	N	O
1052629267878748160	N	N	N
1142052076844998661	N	N	N
1205754703780429824	O	O	O
725617019291357184	O	N	O
1193989844441223169_1	O	N	I
1193989844441223169_2	O	I	I
1193989844441223169_4	O	I	I
1193989844441223169_3	O	I	I
1307505025263034370	O	N	N
1052838881886957568	N	N	N
1187860543840948226	N	N	N
453319781622759424	O	N	N
1186044334006849536	N	N	N
1307395184074862592	N	N	N
1311435856570388480	N	N	N
1199150127073701889	N	N	N
1200759951074959361	O	N	O
1198704183660175361	A	I	A
1200873314241142784_1	O	O	O
1200873314241142784_2	O	O	O
1200757948798119937_1	O	O	O
1200757948798119937_2	O	O	O
1200757948798119937_3	O	O	O
1193897981361217538	R	N	I
725674833024028673	O	N	N
453387263951798272	O	O	O
1194160017517223936_2	O	I	I
1194160017517223936_1	O	I	I
1051876609983049728	R	R	R
725603241740910592	O	I	I
725587036128829440	O	N	O
1193862397448114183	A	N	O
725621126341222400	O	N	N
1193855300757020673	O	N	O
1199510295846309888	R	N	R
1187739153678721027_4	R	N	A
1187739153678721027_1	R	A	A
1187739153678721027_3	R	I	R
1187739153678721027_2	R	R	R
1197582941855064065	I	N	I
1052518905212796929	O	N	O
1193924330494803974	N	N	O
1201193965313298434_1	I	I	I
1201193965313298434_2	I	I	I
1186616782548811782	N	N	N
725606056991272964	O	N	O
1206060195912110080	A	I	A
1205354613865680896	O	O	O
725585908028833792	O	N	O
1199089106816577539	A	N	A
1052813621028360192_3	R	R	R
1052813621028360192_1	R	R	R
1052813621028360192_2	R	R	R
1193860977135144962	O	O	O
1142026761053638656	O	N	O
1205161991997923328	O	N	O
651841410585464833	O	N	N
1200637891619237888	O	O	O
1194351429500071938	N	N	O
1051081944597979137	O	O	O
1051744489667260417	N	N	N
1198534430333255680	A	O	A
1198503616031731713	O	N	N
1186945491080232960_3	R	I	R
1186945491080232960_2	R	I	R
1186945491080232960_1	R	R	R
453259244372901888	N	N	N
1051937536854159360_3	O	N	N
1051937536854159360_2	O	R	R
1051937536854159360_1	O	I	I
1307048004730454018	N	N	N
1186278521120940032	N	N	N
1052062102876119041	I	N	O
651320940383600640	N	N	N
650747447262736384	N	I	I
453262228351754240	O	O	O
1198929882392203265_2	R	R	R
1198929882392203265_1	R	R	R
1198929882392203265_3	R	R	R
1193912909358882816	N	N	N
1308038424562147332	I	I	I
1194066548014682113	O	N	O
1051336364598456320	O	O	O
453560446839455744	O	N	N
1197484456245972993	N	N	N
1051595044094906369_2	O	N	O
1051595044094906369_1	O	O	O
1202274355583033345_2	N	N	N
1202274355583033345_1	N	N	N
1187048897203658753	O	N	O
1206349982577524736	O	N	N
1187337650845487104	O	N	O
1193875661158584320	A	N	O
1307588083794227203_3	N	N	N
1307588083794227203_2	N	N	N
1307588083794227203_4	N	N	N
1307588083794227203_1	N	N	N
1207381308466507777	O	N	O
725666732472422401_1	O	O	O
725666732472422401_2	O	N	O
1206553923265482755	N	I	N
1194181011732680705	N	N	N
1198657550155157504	I	I	I
1187478226588831744	N	N	N
1194177631203274753_1	R	N	R
1194177631203274753_2	R	I	R
1194177631203274753_4	R	I	R
1194177631203274753_3	R	I	R
1194246798409379841_3	O	I	I
1194246798409379841_2	O	R	R
1194246798409379841_1	O	I	A
1307702536825167874	O	O	O
725697450892267520	O	N	O
1194013640501927937	I	N	I
1311319021334208519	O	I	I
1201734616547287042	O	N	O
1202235455254781952	N	N	N
1051468290277724165_2	O	N	O
1051468290277724165_3	O	O	O
1051468290277724165_1	O	O	O
725600475916193792	O	O	O
1199802423239413760	O	I	I
1197716597047037952	A	N	A
1201328656058126343	I	I	I
1052395799538102272	A	R	I
1308864855043125249	O	N	N
1311671823784869888_2	O	O	O
1311671823784869888_1	O	O	O
1307447550849495046	A	R	A
1198915005808177152	I	I	I
1198843423580721152_1	N	I	I
1198843423580721152_2	N	I	R
1198843423580721152_4	N	N	R
1198843423580721152_3	N	N	N
1198360855580172289	R	N	R
725616821378908160	N	N	N
1205397069915144192	I	N	I
725680079368536066	A	N	N
1051579919665455105	N	N	N
1197846197916049410_3	A	I	I
1197846197916049410_1	A	I	A
1197846197916049410_2	A	I	A
1311199451286044672	N	N	N
1201914495087579137_2	N	N	O
1201914495087579137_1	N	N	N
1194303056793477121	O	N	O
1206532738641285121	O	N	O
1186719151928283137	O	N	O
1207019089782280192	O	N	O
1198100383526195201	O	O	O
1193882185008386048_2	O	N	O
1193882185008386048_1	O	N	O
1187836234586120192	N	N	N
1051110828408225798	O	O	O
1194126699970957312	A	R	A
1194162378574827520	I	R	A
1200795770980577280	O	O	O
1312133727112187904	N	N	N
725693818037743617	O	N	O
1200916686716706816	O	O	O
1194319465460064256	O	N	O
1194232629685563392	N	I	N
1205011059184197632_3	O	N	O
1205011059184197632_1	O	O	O
1205011059184197632_2	O	O	O
1205011059184197632_4	O	O	O
1206305261083877376_1	O	N	O
1206305261083877376_2	O	N	O
1051804835639697409	O	O	O
1052326730235609088	O	I	I
1204723626966208513	N	N	N
1199369002029604864	N	N	N
1199228819137318912	O	I	N
651846599317028864	N	N	N
1141998176473423872	O	N	O
1206425144115236865	N	N	N
453462241015521280	O	N	O
1186156142428377089	O	O	O
1194278065897033728	O	N	O
1307616250130960384	I	N	I
1206195086427480066	A	I	A
1186743140574793728	A	A	A
725610562336514048	N	N	N
1186503671091224577	N	O	O
1194194071318872065	N	N	N
649642384029011968	N	N	N
651248543261286400	N	N	N
1141976200778264576	O	N	O
725596118441181184	O	N	O
1194142763262062592	N	N	N
1199606470670770176	N	N	N
1198561804852637696	A	R	A
1193938237041053696	N	N	N
1197617688723496960	N	N	N
1201156578105319424	O	O	O
1194165647233748993	O	N	N
1201003424629821440	O	O	O
725593756985114624	O	N	O
651271933527351296	A	N	A
1193966050775162882	O	R	O
453537554588250112	O	O	O
1311604028732854272	O	O	O
1202213463436582913	A	I	A
725646823709356033	O	O	O
649907672280641536	N	I	N
1312024241089413120	N	N	N
1205503329448665088	O	O	O
1308285805123629057	N	N	N
1194323476900917249	N	I	N
1308374049433759744	O	N	O
1199372243635187712	R	I	R
1207049958668546048	I	I	N
1198315560561528838	O	N	N
1193908456463503360	I	I	I
453606076609753088	O	N	N
453399772599443456	O	O	O
725676842422833152	O	N	O
725607856536432640	O	N	O
1188012181197119488	O	N	O
1199590291092779008	N	N	N
1052930081562202112	N	N	N
650465872734212096	A	I	A
1194029050240614400	N	N	N
1306808441072234496	A	A	A
1308834850586193925	O	N	O
1141987590364704768	O	N	O
1206596713068290052	A	I	I
1207025255203659778	N	I	N
1201175254032359425	I	O	O
1205975359289733120	N	N	N
1193889802392870913_3	O	N	I
1193889802392870913_1	O	I	I
1193889802392870913_2	O	I	I
1193889802392870913_4	O	N	I
1200699693854068738	R	R	R
1198673064252313602	I	N	I
1197968241689341952	O	N	O
1187788670457262081_3	O	I	I
1187788670457262081_1	O	I	I
1187788670457262081_2	O	I	I
1205262748877242370	O	N	O
1141989701848641536	O	O	O
725592567778254848	O	O	O
725657693298540544	O	N	O
1205952716037656584	A	I	A
651265648618680320	R	R	N
1193849539133870080	O	O	O
1312581943280701442	O	I	O
1199651384129396738	A	I	I
1052727197209903105	N	N	N
1052574958692564992	R	N	R
1198438901737758720	O	N	O
650607300906983424	I	I	I
1051854244951875586	A	N	O
1204747189681033218	N	N	N
1205332789169655810	O	O	O
1307371169323126785	N	N	N
1051708079748861958	A	I	A
1205714481671737344	O	O	O
1051826224664694784	R	N	R
1308403739011813376	A	A	A
1206864627935526912	O	N	O
1308255127829176324	O	O	O
1199073282491895808	O	I	O
1311132211811409921	N	I	A
1187642728533942277	O	I	I
1051390223232487425	O	O	O
1051403487953580032	O	N	O
1307278561481576448	O	O	O
1306717128880467969	N	N	N
1311340545458008064	O	I	I
1052944856971206656	O	I	I
1193932309495459846	N	N	N
453274962933993472	O	O	O
1199290044567171073	A	A	A
1052272907378941953_3	A	I	A
1052272907378941953_1	A	I	I
1052272907378941953_2	A	O	A
1052272907378941953_4	A	I	A
1201080523986210816	O	N	N
1187271429051617280	N	N	N
1199819279320920064	N	N	N
1051714410002157570	O	O	O
1193879831974420480	O	N	O
1052629315668578310	R	R	R
1194220500941180931	N	I	N
1052445138943918082	A	I	A
1198254473124163585_2	O	I	I
1198254473124163585_1	O	I	I
1198254473124163585_3	O	I	O
725660950465024000	N	O	N
1206158622125895680_3	O	I	O
1206158622125895680_2	O	I	I
1206158622125895680_4	O	I	O
1206158622125895680_1	O	I	O
1052126433240342528	N	N	N
1199125396517793793	A	N	A
453305657068773376	I	O	O
1201022571610857473_1	O	O	O
1201022571610857473_2	O	O	O
1197782329978245121	O	N	O
1193984517981257730_3	N	N	N
1193984517981257730_1	N	N	N
1193984517981257730_2	N	O	O
1051840687400980481	O	N	N
1052506478890737664	O	N	N
1197662181954707456	N	N	N
453296398101127168	O	N	O
1198001550477668352	A	N	A
1201250642959974402	O	O	O
1206822877254868992_1	N	N	N
1206822877254868992_4	N	N	N
1206822877254868992_2	N	N	N
1206822877254868992_3	N	A	A
1198473117984788480	O	N	O
1193900070443212800	A	N	A
1207423129523499013	A	N	A
1313529483442499585	N	N	N
1204792657651867650	N	N	O
1193980456796139528	O	N	O
1207360152682274817	N	N	N
1051766398093938688	O	O	O
651462951220613120	R	N	R
1187160893949394944	N	A	O
1051511767615049729_1	N	N	N
1051511767615049729_2	N	N	O
1194251237471985664	O	O	O
1051833426855292928	N	N	N
1193873464140152832	O	N	O
649345578787336192	O	O	O
1312046250976518145	I	I	I
1312663750818713600	N	N	N
1207424563774197760	N	I	N
453411944087961600	N	N	N
1053000295511453696_2	R	A	R
1053000295511453696_3	R	R	R
1053000295511453696_1	R	R	R
1053000295511453696_4	R	R	R
1142015749197914112	O	N	O
651113329356726273	N	I	I
1311177783368876032	N	N	N
1201482420949667841	O	I	O
1197530228425478146	N	N	N
1199719538952151040	R	N	R
1206311264273731584_2	O	N	O
1206311264273731584_1	O	I	I
649832912343273472	N	R	R
1193981694640041986	O	I	I
1201043131136978944	O	O	O
650077395534352384	N	N	I
1193865299591860224	A	N	A
1198063127683686400	R	N	R
1201773353708769280_3	O	N	N
1201773353708769280_2	O	N	N
1201773353708769280_1	O	N	N
1312416152648405000	A	I	A
1197892774751854592	O	O	O
1193879659970215941	O	N	O
1311484749131788288	N	N	N
1201853706653851648	N	I	N
1199024841518657537	R	N	R
1205591936276545537	N	N	N
1193857047483150336	O	N	O
725626878363619328	N	N	N
725570082114535424	O	I	I
1198579517960445952	A	I	A
1194314534636474371	N	N	N
1206488985897439232	O	I	I
1187129866673672192	N	N	N
1199384398262624257	O	N	O
1202296321006325761	N	N	N
725572670012706816	O	I	I
1307949788235739136	N	I	N
1198330493973999616	N	N	N
725652398711119873	O	N	N
1186672576539648003	O	N	N
1206843686690197506	N	N	O
1205505980211044352	I	I	I
650459678883844096_2	O	I	I
650459678883844096_1	O	I	I
453377352752709632	O	I	I
1194120397341351937	O	I	I
651871720333307904_3	I	I	I
651871720333307904_4	I	I	I
651871720333307904_1	I	I	I
1201388166281744384	O	N	O
1186136844800532480	O	N	O
453437145274146816_4	O	I	O
453437145274146816_3	O	N	O
453437145274146816_1	O	N	O
453437145274146816_2	O	N	O
649856196342620160	N	N	N
1207074249208451072_3	N	I	I
1207074249208451072_1	N	I	N
1207074249208451072_2	N	I	N
1193971921601347585	O	I	O
1206575589311860737	N	N	N
725612044867780608	O	N	O
725622907947388928	I	N	N
1186922401545760768_3	I	I	I
1186922401545760768_1	I	R	I
1186922401545760768_2	I	I	I
1205799603838312453	A	N	A
1051684006356496384_3	O	I	I
1051684006356496384_2	O	I	I
1051684006356496384_1	O	I	I
1193884543968841729	N	O	N
1312740590300397571	R	I	R
1197813731302002688	O	O	O
650191483325280257	O	O	O
1194316686662537216	N	N	N
1193920405305737216_1	I	I	I
1193920405305737216_2	I	I	I
1193920405305737216_3	I	I	I
1193920405305737216_4	I	N	O
1199769482794848263_3	I	R	R
1199769482794848263_2	I	R	R
1199769482794848263_4	I	I	I
1199769482794848263_1	I	A	I
1312285348152705024_2	N	N	O
1312285348152705024_1	N	I	N
1312285348152705024_3	N	R	R
1194130709549604864	O	I	I
1202194582911553537	O	N	N
1193966562904072194	O	N	N
1311935270762295296	R	N	R
1204701001736953857	A	I	A
1194289677110517761	O	N	N
1205863611547209728_3	O	R	R
1205863611547209728_4	O	I	I
1205863611547209728_2	O	I	I
1205863611547209728_1	O	I	I
1198299900657750016	I	I	I
1052974546175823872	O	N	N
1307418424608518145	O	I	I
1312671278415982593	N	I	N
1186552975831027713	N	N	N
1194308172409905152	O	N	O
651011553257496576	N	I	A
1050882049425494016	N	N	N
1197566153993924610_3	N	N	N
1197566153993924610_2	N	N	N
1197566153993924610_1	N	N	N
1051200890533765126	O	O	O
1198179650457001985	O	O	O
1142034850901319681	N	N	N
1312001534918615041	O	I	O
1194106318547763201	I	N	O
1194200693546110977	O	I	I
1307532632314519558	O	O	O
1313441543383142404	N	N	N
1194253048903864321	N	N	N
1198359122632159232	A	R	A
1199681975910576128	O	N	O
453443118071705600	O	O	O
1312044214939783169	N	I	N
1187408039495815169	N	N	N
1311559545869799425	N	N	N
725640134390087680	O	N	O
1186378914081464320_1	I	N	A
1186378914081464320_2	I	I	I
1186378914081464320_3	I	N	I
1186378914081464320_4	I	I	I
725607567087534080	O	O	O
651727758754713600_4	R	R	R
651727758754713600_1	R	R	R
651727758754713600_2	R	R	R
651727758754713600_3	R	I	I
1194011283802247170	N	N	O
1201596598721101824	N	N	N
1197436000936574981	O	N	N
1194304158532288514	N	N	N
1141984168714354689	O	N	O
1198033405813960709_3	N	N	N
1198033405813960709_4	N	N	N
1198033405813960709_1	N	N	N
1198033405813960709_2	N	N	N
1311410695020392449	N	N	N
1307560118482087937	A	I	A
1051126286029135872_4	N	N	N
1051126286029135872_1	N	N	N
1051126286029135872_2	N	N	N
1051126286029135872_3	N	N	N
1313068093896306689	I	I	I
1194323069617233923	N	N	O
1186179743823093761	O	I	I
1193845829632577536	N	N	N
649416680733474820	O	I	O
1307560081794494465	N	N	N
1141974584868200448	O	N	O
1308106148525027330_2	O	N	O
1308106148525027330_1	O	N	O
1051622799930998784	O	O	O
1312918465058148352	O	N	O
1193858337097633793	O	N	O
1200718905297248257	N	N	N
453406276803121152	N	N	N
1312350145024061441	O	N	N
1050921401354473472_1	N	N	N
1050921401354473472_2	N	N	N
1050921401354473472_3	N	N	N
1050921401354473472_4	N	N	N
725595804459749376	O	N	O
1187942327194734593	O	O	O
1194120907784105984	I	A	I
1201501184399478784	I	I	I
453496405777465344	N	N	N
1308067237220233216	N	N	N
1201444443158700032	I	A	A
1201833508370571266	O	N	O
1194311909501214720	N	N	N
1313485395116675078	O	N	O
1205180510365990918	O	N	O
1186480001841020929	N	N	N
1201086338021416960	O	N	O
1194161191544864768	N	N	N
1313397973980676098	I	I	I
1311626184908779520	R	R	R
1050999615938551808	N	N	N
1193888846162878466	I	N	N
1142062110555480064	O	N	O
1201692080684388355	N	N	N
1204770330247618560	I	I	I
725685878329344001	O	O	O
1193852034014990336	O	O	O
453418913238626304	O	O	O
650560486644273152	A	N	N
1194185471007580160_2	N	N	N
1194185471007580160_1	N	N	N
1194275763870150656	O	N	O
650339247795347456	N	N	N
1186354093289287681	O	O	O
1193849023544856576	O	N	O
1204815608904175616	N	N	N
1194148469197410306	N	N	N
650942129875894272	O	I	O
1206885876334239744	I	I	I
453513659365748736	N	N	N
1142004919257296896	N	N	N
1141979325215989760	O	N	O
1306901151695204357_1	A	R	N
1306901151695204357_2	A	A	A
1188389671308582913	O	N	O
1201792601852129281	O	I	N
651156168639840257	A	N	R
1308491411218665472	N	N	N
1207249854847684608	O	R	R
1193857272549650434	O	N	O
1194155524817899520	N	N	N
1205612773704638464	A	N	A
725695321033048064	N	N	N
1052494328948449280	O	N	N
453282618461941761	O	O	O
1194137749932130304	I	N	I
1051560399970193408	O	N	O
1051188553730990080	N	N	N
1311891635438055430	O	N	N
1052086461330350080	N	I	I
1188496278352732161	A	I	I
1201754092391014402_2	N	I	O
1201754092391014402_4	N	I	I
1201754092391014402_1	N	N	N
1201754092391014402_3	N	A	A
1206510072240758784	I	I	I
1194310636941053953	O	N	N
1141995198626635777	O	N	O
1198720463582699520	O	N	O
453465768009535489	N	N	N
1141966580399640581_1	O	O	O
1141966580399640581_2	O	O	O
1201269456716087297	N	N	O
1201661966022008832	A	I	I
650240754321883136	O	O	O
453257612080209920	O	O	O
1194312642787233795	N	N	N
650263926400229376	O	N	O
650895523398983680	N	O	O
650583980006375424_3	N	N	N
650583980006375424_1	N	N	N
650583980006375424_2	N	N	N
1051174507753467907	N	N	N
1311063595015233536	N	N	N
1198089062189539329	O	N	O
1051653827039035392	O	O	O
1052224932363558914	O	N	O
1312184756931452928	O	O	O
1311154443870711808	O	O	O
725597168443232256	A	N	A
1193974900530319360_2	N	N	N
1193974900530319360_1	N	N	N
1306924414844444673	O	N	N
1199414873152786434	N	N	N
1306868251658457088	R	N	R
649884080876687360_1	O	I	I
649884080876687360_2	O	I	I
1312853635424903169	A	I	A
1205736367856242688	O	I	I
1051720259340767232	O	A	A
1311087535112818688_1	O	O	O
1311087535112818688_2	O	O	O
1311087535112818688_3	O	O	O
1311087535112818688_4	O	O	O
453504168670822400_3	O	N	O
453504168670822400_4	O	I	O
453504168670822400_1	O	N	O
453504168670822400_2	O	N	O
1308432854938943488	O	O	O
1188531724914835456	N	N	N
1051894770853920768	A	N	A
725630419505418240	O	N	N
1186067333590192128	O	I	O
1053014395306041344	N	N	N
1307693889365647361	N	N	N
1204749730342932480_3	N	N	N
1204749730342932480_4	N	N	N
1204749730342932480_2	N	N	N
1204749730342932480_1	N	N	N
1198455342226694145	O	O	O
1193883599914840065	O	N	I
1307978728463642626	N	O	N
1206215867220054016	O	I	I
1312673609786232832	O	N	O
1197299350399062016	N	N	N
1051040805035622401_3	N	R	N
1051040805035622401_1	N	O	N
1051040805035622401_2	N	I	N
1051040805035622401_4	N	N	N
1141970927590281216	N	O	O
1050951505619107840	N	N	N
1194050049921224705_3	I	O	O
1194050049921224705_1	I	O	I
1194050049921224705_4	I	I	I
1194050049921224705_2	I	I	I
1052660203169206273	O	I	I
1199399899080601600	O	I	I
1051543876039835648	N	I	N
725593957040791552	O	O	O
1206684534571487236	N	N	N
725648417251151872	O	O	O
1194123636140961792	O	I	I
1141979885394698240	O	N	O
1193855276354551808_3	I	N	I
1193855276354551808_1	I	N	I
1193855276354551808_2	I	N	I
1193855276354551808_4	I	N	I
651059421703995392	R	O	R
1201061854707093505	O	O	O
1312482736423092225	N	I	I
1199736139105656834	O	I	I
1141986178087960576	O	N	O
1142042513441775616_1	N	N	N
1142042513441775616_2	N	N	N
650474310025408512	A	I	A
1205159465235951616	O	O	O
1194346368292327424	R	N	R
1186968481436262400	O	O	O
1193949292156850179	O	N	O
1188194206138941441	I	O	I
1187762232144338944	N	N	N
650386680936038401	N	N	N
1194189501167521792	O	I	O
1051434724961517568	O	O	O
1052176059595194368	O	N	O
1194295828652920837	O	N	O
650677901004832769	I	N	O
1206445807064535041	O	N	O
1199259242903023616_1	O	O	O
1199259242903023616_2	O	N	O
1199259242903023616_3	O	N	O
1052877247584116737	O	A	A
1311224055933140992	O	N	O
1051494870697893888	O	N	O
651129767362629632	A	I	A
1194366331103170560	O	I	I
1194224138933735424	O	N	O
1193917386786836480	N	O	O
1193959036850462721	I	N	I
1205569412323008514	O	N	O
725578496827871232	N	N	N
1202339014449225728	O	I	I
1187514675279347714	N	N	N
725682382137884673	N	N	N
1194170508905979904	N	O	O
1194302297406353408_2	N	N	I
1194302297406353408_1	N	N	O
453260236888236032	O	O	O
1142011941919088640	N	O	O
651632343015378945	R	N	O
1206639980677865473	O	N	O
1199305392586670080_1	A	N	A
1199305392586670080_2	A	N	A
1194368270218014721	O	N	O
1194191108429033472	O	I	I
1197959231779069955	O	N	O
1194327685255684096	N	N	N
1197953167083921408	O	N	O
1193881608954228736	O	N	O
1206929155901861889	I	N	I
1194355427707895810_1	N	O	O
1194355427707895810_2	N	O	O
1194355427707895810_3	N	O	O
1199666682018426881	R	R	R
1311743031238963200	O	N	O
1188219693234053120	N	N	O
1311949084559892480	O	N	O
1307921582057234432	N	N	N
1193871284377210880	O	N	O
1142078608564989952	N	N	N
1312459350342995970	O	O	O
1312360443122462720	O	N	O
1187812744936022016	I	I	I
1207201887918927878	O	R	O
1051067211438284806	A	N	A
1051860020382654464	A	I	A
1186228886671183874	O	N	O
1204918786450755584	I	I	I
1187014453319086081	N	N	N
1051419846771138560	N	N	N
1193857496395534338	O	O	O
651198259860385793	O	N	O
453341184841482240	O	N	O
725581708456767488	O	N	O
1313506857886023680	N	N	N
1308690809072619521	R	R	R
1051141463126478848	A	R	R
1205523243555282946	O	I	O
725633499382857728	N	N	N
1198994502289108994	O	N	N
1193885185697308674	O	A	A
650771256678203392	O	N	O
1194263591475712000	O	N	O
650262282602201088	N	I	N
1187106608737935367	O	N	O
725640735345795072	O	N	O
1194122664387866627	I	N	O
1052771025497321472	N	I	I
1194173098863534085	O	I	O
1205873525757751296	O	N	O
1207155151305236481	N	N	O
1142028331250008064	N	N	O
649962826627424256	O	N	O
1206979448404348930	N	N	O
1198824318534397952	R	R	R
1141973465211252736	O	I	O
1141982169713299466	O	N	O
649505817482371076	N	N	N
1052469992938242048	A	I	I
1186825158721462272	O	N	O
1193916384075489281	N	N	N
650965441616158720	N	N	N
1194329315489591296	N	N	N
1193930992152698880	O	N	O
1052015917440348166	O	N	O
1308777475460280323	O	N	O
725649866140033024	O	N	O
1198284866233782279	R	N	O
1198149453368176640	O	N	O
1205778399580622848	O	O	O
1051732440811589632	A	I	A
651416040543514624	N	N	N
1194339718747451392	N	O	O
1193856036135792641	O	N	O
1194047418293092352	I	N	I
1188567806813573120	N	N	N
1312387942908919808	O	N	O
1051213932411662337	N	N	N
650339555061567488	O	N	O
1307189677871464453	O	N	O
1201430810529878016	I	I	I
1197797940699582465	O	I	O
1052373812166189057	N	N	N
1204655500681453568	O	I	N
1193918336658227205	O	I	I
725601880924127232	O	N	O
725664229064364034	N	N	N
1312371793064325120	A	N	A
1186302752126840832	O	N	N
1313420076746506246	O	N	N
1197417457943793664	N	N	N
1206258476286169088	A	N	A
1201289450745151488	A	N	A
1312111134405586944	O	O	O
1204543347949473792	N	N	N
1199787289095933962	A	N	A
1198261670675697664	O	O	O
1052903789148205056	O	I	A
651082781666209792	N	I	N
1052150776150323200	N	I	I
1312207561702088704	I	I	I
453529423896002561	N	N	N
1202097005054636032	O	N	O
1194259060725469185	O	N	O
1142070946016010240	O	N	O
1194132717182390273	O	I	I
1186852846685298688	N	O	O
1142009375852306432	O	N	O
1194009072254803969	O	I	I
1194218299715833862	O	N	O
1201137493913034753	O	I	I
1197830235770753030	O	N	N
1307892530864959489	O	O	O
1199180752656560129	N	N	N
1186204361703096320	N	R	N
1198269940161232896	O	N	O
1187290812016680960	R	I	R
1186899371197128704	O	N	O
1052114155409432576	O	A	A
1186675173195468805	O	N	O
1194297826710343683	O	N	O
1194183514557693952	N	N	N
453287999116423169	O	N	O
649936847485861889	I	R	R
1201087631217614848	N	N	N
453320136649637888	O	O	O
1201957423407337473	N	O	N
1194325544478883841	N	N	N
1187665994510143489	I	I	I
1193982481449525249	I	N	O
1193964121101873152	O	N	O
1052743623391858688	N	N	O
725598462260183040	O	N	O
1187861757576011776	N	N	N
1193899146316537856	N	N	N
1194226559995039744	R	N	R
1187646494972796929	O	R	R
1205138013736583169	O	N	O
1194129393905491968	O	I	I
1194261006815547392	N	N	O
1200801074485039104	O	N	O
1193866249572360194	O	N	O
1205235527248687109	O	N	O
1313254471527526400	A	I	A
1052481953914609664	O	O	O
1197733957661540352	N	I	N
1198961910747676672	O	I	I
1052645410785939457	R	N	R
1052163495964348416	N	N	N
725643599921160194	O	O	O
1194172444547915776	A	O	O
1142054104556015616	O	N	O
1198884956673626112	I	I	R
1198762417171443714	A	I	A
453301937572958208	O	O	O
1308621832082382848	N	N	O
1197355318994513921	N	N	N
1193885566477230082	A	N	A
1188085444308848641	A	N	A
1051367840320753664	A	N	A
1198134362434347008	O	N	O
649537854419410944	O	I	O
1051988107241971712	O	I	I
1194134956995416064	O	N	N
1194293736462835714	N	N	N
1194357950917283840	O	N	O
1311817401055338496	O	N	O
1194249624015507456	N	N	N
1194285834154991617	O	N	N
453239078931431424	N	N	N
1142025102680350720	O	O	O
453307531616858112	O	O	O
1141968766710013952	O	N	O
651368148919287808	O	N	O
453393903601741824	O	N	O
1207096808754823168	O	N	O
1199752098537189378	N	O	O
1201425781676740609	I	I	I
1194168567106854915	R	R	R
1052863887421272064	I	N	I
1186443571840389120	N	N	N
1052421236784009216	N	N	N
1194115256752189440	O	I	I
1193859002205179906	O	I	I
1313090384399159298	N	N	N
1313232235684859908	N	N	N
1194350205665206273	O	N	O
453426315509903360	O	N	N
1194283905890820099	O	I	I
453262960690233344	N	O	N
1206281424929796096	R	N	R
1199213444735676416	A	I	I
1207017952685576193	N	I	N
1051355873984073728	N	I	N
453276378041810944	O	N	O
1204633765957513216	O	N	O
1198307687844499457	R	R	R
1201118154136653830	O	O	O
1202075412278456328	N	I	I
1313573741125922822	O	R	O
1198164550194995201	O	N	O
1207296637590233089	I	I	I
1052188074652794881	N	N	N
725622333529047040	I	N	O
1307672293204787202	N	R	R
1207226547431780352	O	I	I
1197922965704364033	O	N	O
1186876292794322944	O	I	I
1307826182713466880	N	N	N
1307221507974758400	N	N	N
1313209631695568910	N	I	N
650042951259791360	N	N	N
1202134754147127296	O	N	R
1142048290462216194	O	N	O
1206109134019530752	N	I	N
1141995291329122305	O	N	O
1052073003352244224	A	I	A
1198223220647845889	O	N	O
1051322154900484096	O	O	O
1206329218994454530	O	I	I
453253529138782208	N	O	O
651439761526288384	O	N	R
649488933835902976	O	N	I
1199244349600620545	N	R	N
1197469434966925312	N	N	N
1053030334957273088	O	N	N
1200893371327361025	O	R	R
1193951523140558848	I	N	I
1198737833755693056	A	N	A
1193992105414270976	O	N	O
1186790508816941057	O	O	O
651331170978951168	I	I	I
651486759931518976	N	N	N
1201539380327923712	N	N	N
1311109340317790208	N	N	N
1306772788376743943	N	N	N
1193903254440165378	N	N	N
1311718786618191872	O	N	O
1194157705340030976	I	I	I
1193881119374168065	O	O	O
1142032214307332096	A	N	O
1198349502178041857	O	O	O
1312603482017366017	O	N	O
1052607934209974272	O	N	O
725640281383682048	O	N	N
1194076804631400448	I	N	I
1142066266523471878	O	O	O
453288505310199808	N	N	N
1193937392656429059	I	N	I
1312089226910019585	I	O	I
1142036944995725318	O	N	O
1207339084647223297	N	A	A
453281918227054593	O	I	I
1312067748588068865	O	O	O
453423677707530240	O	O	O
725624296152911872	I	N	O
1051737702121566208	O	I	I
1187385058828738562	O	I	I
1198610902599315456	O	O	O
453270814964854784	O	N	N
1051852601006931971	O	I	I
725627564857892864	N	N	N
1308748676932743176	O	I	I
1193866481613848586	I	I	I
1052138414764683264	N	N	N
1194007071731134464	O	N	O
1198549362441371648	O	I	I
453401405840039936	O	O	O
1200738967026569219	O	O	O
1312504400213024768	A	I	I
651391263514750976	O	N	N
1312950672791400448	A	N	O
725613690326802432	O	N	N
1199057762736623619	O	R	R
1051833711820451845	I	N	N
1198224700033454081	I	I	I
1198239596376731651	I	I	I
1050986837018337280	N	N	N
651085022263386112	I	N	I
1193932745325600770	I	N	I
1199274555451330561	I	N	I
725604678629752833	O	O	O
1307753456023801858	A	N	N
1186576975810433024	N	N	N
1051270835317690368	N	I	N
1312832090661163018	A	I	A
650539682137264128	A	I	A
1052786859770859520	N	I	N
725684069141479424	O	O	O
1205502328293466112	O	I	I
650654295839404032	A	I	A
1194321536653635584	O	N	O
1198119253540515847	O	N	O
1193998789348143107	N	N	N
1194334418149740544	N	N	N
649667666681065472	N	N	N
1052285108831625216	O	O	O
651799116838645760	N	I	N
1194266283535196161	N	N	N
1206770876915625984	N	N	N
1198783472636030976	O	N	N
1193934798751842313	A	N	A
650714800020955136	I	I	I
1198488656652185601	N	N	N
650411009270657024	O	I	I
1198839246083252224	R	R	R
1194266994931056646	I	N	I
1197985117227978752	N	N	N
1204940407504801792	O	O	O
453581118131146752	N	N	N
1051812686160384000	A	I	A
453523548695719936	I	I	I
650117462105559040	O	N	I
1194071634111553536	I	N	I
651344049098637312	N	N	N
1052604407416836096	R	N	R
1051095238826254339	A	I	A
1193937035108798465	N	N	N
1193873767182802944	O	I	I
1052077981202571266	O	I	I
1206131164362067968	O	I	O
651513022465339392	I	N	I
1312393596117680130	I	N	I
1194332350584414208	N	N	N
1313115598122037252	N	N	N
1201879512985874433	A	N	N
1197915549390520320	O	O	O
1193859728130166784	O	N	O
1051805814728609792	O	O	O
1194174795023310848	O	I	N
1307363149386067970	N	N	N
1313493585338281984	I	N	I
1052457961900126209	N	I	I
649595606906892288	N	N	N
1051695941642805249	O	O	O
651655715803791360	O	N	O
1052197868809977857	N	N	N
1307334706833260544	I	I	I
1313044065835982849	O	O	O
1205932058587127809	O	N	O
1193923696701911041	A	N	A
1198689020630511618	N	N	N
1311696813649518594	O	N	O
1201712681331445760	A	I	A
1197877670891139072	O	O	O
1194140043159494657	O	R	A
1194249192627212288	N	N	N
1202173672334807050	N	N	N
1198395733268926466	O	N	O
1307475399925006336	O	N	O
651752508789030912	N	N	N
1193922366528802816	I	N	I
1194352906842935296	A	N	N
725589815601803264	A	N	I
1188366847059681282	O	N	O
1052260927507185664	N	N	N
1194310264470028288	I	N	I
1193954218673086466	O	N	N
725638779671830528	O	I	I
1051780723793952770	A	R	A
1307017300852211718	R	R	R
1313160532661166085	A	I	A
1194103609933348866	O	N	O
1194291811549925376	N	N	N
1193946879093903360	A	N	A
1193991116779114497	I	O	I
1193877658762928128	O	A	A
1051792681091915777	A	I	A
725678279710138368	O	N	O
1187689806081470464	N	N	N
1201212807787749378	I	N	O
1052595865767030784	N	I	N
1206267042199941122	N	N	N
1193895718181847040	O	O	O
1052129969885904896	I	N	I
725635429966471168	N	N	O
1312533719954063360	N	N	N
1193904574614134785	I	N	I
1311788768182128640	N	N	N
1193930673880477696	O	N	N
1206173654704414727	O	N	O
650513524939223040	A	I	A
1194027193912967169	I	N	I
1051768445489037317	N	I	I
1194250798450061312	O	O	O
1198595193659895808	A	I	A
1199446361902632960	N	R	N
1306987469158612994	N	N	N
1199553629990117377	O	O	O
1052613916117880832	N	N	N
1205094954327871488	N	N	N
1187538971703828480	I	I	I
1311913324066598913	N	N	N
1199430611217342465	A	I	A
1205031917088845825	O	N	O
649987755913691136	I	I	I
725687545531535360	N	N	N
1194257036000792582	O	N	O
1193870876917276672	N	N	N
651584739132968960	N	N	N
1142030029699911680	N	N	N
1141968582764613632	O	N	O
1186249322121314306	O	N	O
725628937188036609	R	A	R
1194030490111660034	O	N	O
1202319653248352257	N	N	N
1142045984836476928	N	N	O
1307644393525063681	O	N	O
650311928242401283	O	R	R
1193904216286416898	N	N	N
1199483582575759366	A	I	A
1051913007746469889	A	R	R
725654137275293696	N	N	N
1312263698308886528	N	O	O
1193863119757553664	O	O	O
1141999827724754945	N	N	N
1194238253701967873	N	N	O
1051480461623652352	O	N	O
1198378216408399872	A	R	R
1197381239201837057	O	I	I
1194147269450313728	N	N	N
1206205630891069440	N	I	I
1197907880785141761	O	O	O
651608530772889600	O	I	O
1313183463709831168	O	N	O
725655916910116864	O	N	O
1199636493083594754	O	A	A
1193977713926660096	O	I	I
1307157477570605056	N	R	N
1199465240758370304	N	N	N
453554710528946176	O	I	O
1187454980078202880	O	I	I
1205416778618290176	N	I	I
1194005428453199872	O	N	O
650631119268904960	N	N	N
1207402082321469446	R	I	R
651822255870242816	I	R	R
1194279997386743808	O	N	O
1308806017879244806	O	O	O
725597711064387584	O	N	O
453449313495314432	O	N	O
1051913810515304450	O	I	I
649768484587577345	N	N	N
1307250785957416960	O	O	O
1052961293248778241	N	N	N
1051052855346515968	N	R	R
651704038506000384	I	O	I
1312625377777520641	O	I	A
1193844851462287361	O	I	O
453304836021157888	O	O	O
1052905413702647808	O	N	O
1051756829863276544	O	I	I
1188308978851123200	N	N	N
1194179789210320898	O	R	R
453257687007264768	O	N	O
1052053973622898689	O	N	O
1205757551264124929	O	N	O
1193907025740279811	A	R	R
1194273388015038466	N	N	N
1206617605471133697	N	I	I
725585273489395712	O	O	O
1306955446566227970	I	I	O
1201979146882207751	A	I	A
1311515567728152576	N	N	N
1051749682945425410	R	N	R
1051156595814600704	O	N	O
725580060158205952	O	O	O
1200834096181723138	O	O	O
1193856010974367744	O	N	O
1201424438337638400	A	N	A
725621931601461248	O	O	O
1052298209438130176	N	N	N
650794538689163266	O	I	O
1052002737339158528	O	I	I
1194306002700533765	O	N	N
1051717931569172481	I	A	A
1052409290940698624	O	O	O
1193961534331994115	O	N	O
1197332309910999040	N	N	N
1205438631571267586	O	I	O
1051768774293114888	O	N	I
1141972894442016768	O	O	O
1206253760445648898	O	I	I
1205997575591084033	O	A	A
1193902300491919361	A	N	A
650216735707111424	N	N	N
725689918157164544	N	N	N
1187619528295026689	I	I	I
453227333642514432	O	N	N
453259791797084160	O	N	O
1188366723612844032	O	N	I
1193926378200190976	N	N	N
1141964410526883841	N	O	O
1199573326160547842	O	N	O
1193898779272994816	O	N	O
1193957665073967106	A	I	A
1194035975590006784	R	R	R
1141991770194137088	O	N	O
1206083259517612033	O	N	O
1187568365453402112	N	O	O
1201185452239261696	O	O	O
453415729854169088	O	N	N
725692026184933377	N	O	O
725672867417997312	O	N	O
1194192445774409728	N	N	N
1187593642925613058	R	R	R
1198564263591399424	O	I	I
650018561239425024	N	N	N
1141988406077075457	N	N	N
1193892982077964288	I	I	I
1194324531592286208	R	R	R
1052310716064124928	N	N	N
1142017783124975616	I	N	I
1193885189275103233	O	N	A
1201576769754517510	O	I	I
651105809242439680	O	O	O
1312774463969210368	A	N	A
1052090035598544896	O	I	I
1187361297463238656	N	I	O
1200848231070076928	N	N	N
725618404498018306	O	N	O
1197602003687542785	A	N	A
1142040327190171650	N	N	O
1194202655725432833	O	I	I
1201369367751069696	A	N	N
1201099306087976960	N	O	O
1205376374816595968	I	N	I
1052986943657598976	O	N	O
1188438502498799621	I	N	I
1311294333950332930	N	I	I
725645084943855616	O	N	O
1141967024811335680	O	O	O
1205291057648488449	O	I	O
1141973218288443392	N	O	O
650435024861294592	O	N	O
1202286929477328896	N	O	N
1199320931358904320	A	N	A
1187267488138043392	O	N	O
1141992938496581632	N	N	N
1194118120581091328	O	A	O
725636885268303872	O	N	O
1051835069999013888	O	I	I
1193889879203049472	A	N	A
1206907662648037376	O	N	O
1313551125514260482	O	N	O
1201350275837112323	A	O	A
1205569905938092034	O	N	O
1197400168586530816	O	O	O
1205480574137311232	I	O	I
1308220240069877760	O	I	I
1312648882287972352	N	I	N
650869213666504704	I	I	I
1204989686357331969	O	O	O
650161289763913728	N	O	O
1051816762444935173	A	R	R
650664151635894272	N	N	N
1187394903317319682	O	N	O
1052672317225091072	N	N	N
725625854450081792	O	N	O
650362929263583232	N	N	N
651035309698871296	I	I	I
1052084468054466560	O	I	I
1306744790491500547	N	N	N
1312241407688613888	O	O	O
1193909607439175681	N	I	O
1052917753408053248	N	N	N
